path,git_blob,sha256,bytes,reason
.cargo/config.toml,effc29e64e546f3c7668e3c989238dfacb7709b7,1640af64aa50e1365f7660f35ba3872cb5c0a1f1bc3ead2f1d146c29b1392b44,1231,"Root source manifest, license or build configuration"
.gitignore,8bc02f5f96375bd9038b8995b67e097e54b64722,117e85e5bc43c86c6700f92daa626856903a2d76cac03f7a6c5e609103632a9e,892,"Root source manifest, license or build configuration"
Cargo.lock,879a49fa468fe112c68d680043562da2422cd0fa,efe31a75ec8515eb4c0d96dadccf4b5cca57de3116388cde418d1e7102eb75d2,130975,"Root source manifest, license or build configuration"
Cargo.toml,0f452ab88e25c3ad822830fb011d721f0d98466f,9411f03bb0184552d13f86a8404e33712ceb574cee7e679806028dc04f837e95,4898,"Root source manifest, license or build configuration"
LICENSE,261eeb9e9f8b2b4b0d119366dda99c6fd7d35c64,c71d239df91726fc519c6eb72d318ec65820627232b2f796219e87dcf35d0ab4,11357,"Root source manifest, license or build configuration"
btd/Cargo.toml,987b881d276959962256c7b97e9b19db23bf12ed,660b1fe5593f9f9e4ff111b092561095bcb293c9354bcb665c17cdfac2a413a6,2919,"Rust workspace implementation, tests or crate manifest"
btd/src/adv.rs,eac71776b5ffff57091a92ce402ed23eb4a533d4,c349d33e49adae7110f970ce91096a787e89f5b09a4b984dbebbff5c35f088e0,5930,"Rust workspace implementation, tests or crate manifest"
btd/src/bluez.rs,900be631c7400ff36bcd60be18938a628f18bdff,30feca59fdb94cfb10ab97f7092baf8262cbfd79493b54bfdc3f768c0a37ca47,41090,"Rust workspace implementation, tests or crate manifest"
btd/src/chorale.rs,5e936c6bbbeb5c17d025419647857cb24f93ed76,9e2bffc1d893eda240f20e344d996e8a8a3b8c90c872b3c3862791deba5ee52f,23376,"Rust workspace implementation, tests or crate manifest"
btd/src/framing.rs,f48474d1efb7a1a132648e7d4842c23dd54ea696,d3d65704f7050cee3217f74511abb7c9bd4c11db5bd3c53e0f0f0ae35161c22e,8560,"Rust workspace implementation, tests or crate manifest"
btd/src/gatt.rs,1790f333b38181cfcddaa71a306243fefd3f3846,ec262a9b5675eac4c2cdebc50f71f07c7974009fe3f25dd7716c06ceb697fef4,2769,"Rust workspace implementation, tests or crate manifest"
btd/src/lib.rs,135ac159c41e920069bfaf3c936589402896cc01,6282d76733dba1f0149c6d8f2008b7d897af0b983dc9955d1463e93cbd4c2c72,2189,"Rust workspace implementation, tests or crate manifest"
btd/src/link.rs,83b9fb6544e48620cb1a5b0d2653b9eae99e0030,2960ba5add76c5543f823bdb9101730e463266abb73c3738c8deaa57f828198d,4113,"Rust workspace implementation, tests or crate manifest"
btd/src/main.rs,2f62f081591e1069bdaa741b660a13eb5e3568a9,181535f650331b7a21c77f21d333a8f4af713e58d7abff05cd52bfaa1aab9e16,8207,"Rust workspace implementation, tests or crate manifest"
btd/src/pairing.rs,6586bfad4db31dabf6b3625e70798516c18d1838,6e47d08a9dca998570a5f001a415eb53ab87151ef48497b54476780dfda6bbaf,9565,"Rust workspace implementation, tests or crate manifest"
btd/src/route.rs,ba02ec4579bbb75196a7fb4d30ec0e32c3ee4434,4767f538cbc9ed084664a5817dce5c5d926a44ee0d9e2a86aa0052f6e8be9203,31925,"Rust workspace implementation, tests or crate manifest"
btd/src/session.rs,2b22429de6b84a364e100c024e4658b0dc546f09,d190743f1ebd76f2a745617a40a0ea8f17dfb14c7a3ff394addd237823a9aea3,38778,"Rust workspace implementation, tests or crate manifest"
btd/src/upstream.rs,29f5f0b9fb94e76f31ad42dddd45e8a3b4486be7,52eb3d17e405d2dec6bf15b392a945673994439b2a07267217939afa20e329c8,13284,"Rust workspace implementation, tests or crate manifest"
configd/Cargo.toml,56a19096971fc621421729e549c3cf6f6b23b10f,7b24d57f7c088db7561be250fe59eabd7e157faf47aacc0ba22dc260eeb25642,2235,"Rust workspace implementation, tests or crate manifest"
configd/src/bluez.rs,c30741d98e9ef110bb5498ad753aa9defd8fe499,6ef19dce713c959bb872ed04be6c1bd1114b71ad8de72f99f1845db5e146baf0,43710,"Rust workspace implementation, tests or crate manifest"
configd/src/identity.rs,200897afa23c667f2f92df4573e7c227c75e1102,7357e76df9ef3202c9dc985a86bac0a059fd3828172938c85c21d14bd03c4b0c,7260,"Rust workspace implementation, tests or crate manifest"
configd/src/lib.rs,0bb003419b4732f6333c879a2fc27502a4bc013f,42cf665852c3e173e508c05e30f9dffbd940938703467438e7eb7d1393de9bbf,1930,"Rust workspace implementation, tests or crate manifest"
configd/src/main.rs,48cdeba42539b2e643afeb041f9fe0468eb21841,1e27aac90ba110b0ea7d6ac30e299f7b121ada67821024873868874c35fa624f,22673,"Rust workspace implementation, tests or crate manifest"
configd/src/net.rs,c693bcefc96dbb01e7b0ac8210eba2e71cfcb817,405e4206952155cc3a154d918e6205f89b1dd6e717c0898080ddd23eda42f709,15062,"Rust workspace implementation, tests or crate manifest"
configd/src/nm.rs,63c586a4a6b5147e1dc5aae05f681f3099812558,42639f6762ca6ae7c39b7d95104dfe0a4d4b6c68b59ec8b7166cbcb7817cc69d,37027,"Rust workspace implementation, tests or crate manifest"
configd/src/pad.rs,abb058fda2270b298243e0a5eb5a9bc35cc9b2ec,97987eb82c8af8d718579447d9d83b6dcf1109754b33c5b85ee1123069988890,19289,"Rust workspace implementation, tests or crate manifest"
configd/src/power.rs,169dd3946fe44f9db696401e5f6bd7c480132ed0,eec7fd812765c248e261c62fe1a4621cd0ba77f33f5406b02c0140c6141762ab,2527,"Rust workspace implementation, tests or crate manifest"
configd/src/store.rs,5b83760042c1ee99be04f8c4c521e7a2034cfd4a,a138b5cce1ef41dfa64c844fe972011abc6a6ae66bdce4c7e21e4eb6480fc4d4,13574,"Rust workspace implementation, tests or crate manifest"
configd/src/units.rs,667a28918fbc79b34945d1692ce58996889f71a7,9aa63845b32dadd430689f3b38df01f44ca380ad042a6ba0e7c2d70090c3b18a,10469,"Rust workspace implementation, tests or crate manifest"
duck-control/Cargo.toml,7708b117484b839a11c85d11246c1349f0cc193e,c21f23f86f9978c29a6004902058e72664a740194dadefee5609542bc8b86fbd,2835,"Rust workspace implementation, tests or crate manifest"
duck-control/examples/hls_control.rs,bebae90c5f95b796c529fad5fb84c342e6800a3e,2cec2c5388294175c604f64fab8b2e7dc8fab7dd3319b88a76b017342f226f81,30692,"Rust workspace implementation, tests or crate manifest"
duck-control/examples/hls_read.rs,bfee7087c479d959ab369960e14458f6f0ea35cc,ff1ed80962ea9f21707710ddff65fdf6ea02566cde1e5e42b2624c1b3fdc21f6,11525,"Rust workspace implementation, tests or crate manifest"
duck-control/examples/imu_probe.rs,63bc0d27137312ee7c6a6adb60aad531a4ebcc3a,f7d2032c800194614b8a17496ff768d0ea8182f5931122499cfdf91677a1da1d,12008,"Rust workspace implementation, tests or crate manifest"
duck-control/src/bus.rs,edb582efe49494ff36dcf266aa195b61daad9109,1ede73f0f239897945fdb39a6145dcdde5dc75cb614b10b3c4a832c478b8e9e1,22916,"Rust workspace implementation, tests or crate manifest"
duck-control/src/fall.rs,2de79c1fb494a6cbaee4c79c3c0f79948f22fff7,6560a08585884214ccd3c54e2dd54bffcf378abbf8b4da29f26da7924da51dca,11674,"Rust workspace implementation, tests or crate manifest"
duck-control/src/ftbus.rs,e788b3569bc25a36223f03c6a88802c1a96f5aaf,50e2cb5db650cc408c6078ddaf5a7593d1f85142e2de07b1853327f66cecc579,35242,"Rust workspace implementation, tests or crate manifest"
duck-control/src/hardware.rs,fc3018e988666bee1be492fc403625c810f954d9,760074be7819e5ef2eaa3c1e0895331b5c2b34b6fb0f00e1a58fcba2a4c29c78,4227,"Rust workspace implementation, tests or crate manifest"
duck-control/src/imu.rs,4f54ee9475107b090b1a1fb54bbacff0c58e601c,4fffb72b63c41eb7e5867bb806073558a5c619b59c1f6b43e61e48a16eb9d9d6,13720,"Rust workspace implementation, tests or crate manifest"
duck-control/src/imui2c.rs,cb00dbc6c37edfaf39517d1ee1ffd327800c8417,d6acbdaabb6b5916d8c5241004dc878adde11f5a6d1a71e945fbe638d64475f6,28056,"Rust workspace implementation, tests or crate manifest"
duck-control/src/io.rs,f264b74df7f2e4c7e640f5714f1e685da5a32bf0,cce75f3f2664b8333f9a6283a861c553e73db0a82321e762196ad2de01e5e98d,16307,"Rust workspace implementation, tests or crate manifest"
duck-control/src/lib.rs,e25fdd4a87d487c5615f88e5ccf53fc8d6886ad0,dc8aafed77871e176133ecdf552b32808635edfa3b300e2ba323049c68800dbd,1078,"Rust workspace implementation, tests or crate manifest"
duck-control/src/model.rs,a32d87829549305019afdfd752b082bd796a5391,d26535d7d51080d37ad5b94bf0e359963116e851585a79509d2b4b987e331880,10556,"Rust workspace implementation, tests or crate manifest"
duck-control/src/obs.rs,c360977137be83c2d8a6023fb4ec70dc24588be7,e62270d8a10a61ed27df8c76aa99afee9d8d0aad6ebd78d43004402fea6ae0e1,15952,"Rust workspace implementation, tests or crate manifest"
duck-control/src/policy.rs,db5b7dbd00270e112e9477dd9f8d64f0a9b8a208,3662ef53c10eee066fa2a44c5ecf86a38d7ac73697a22aa585d44596972ba682,21213,"Rust workspace implementation, tests or crate manifest"
duck-control/src/safety.rs,019a651cae210c167050a36fe697b3a2b38a5700,4560b48e3a33aa574e297a746963031bbd2da3eb7c9cef6670585539bf3529a7,23876,"Rust workspace implementation, tests or crate manifest"
duck-detect/Cargo.toml,c5ad332c2f30d94e52afa8454c368bd577ff246d,585658f207793f7b8e99bab58537e4f89ff8a60ebb2486c7343c57c2386463de,1070,"Rust workspace implementation, tests or crate manifest"
duck-detect/src/bin/duck-bench.rs,350ee0cc19c6429923e82066d5f493e4d110a0aa,7463f62c66cfa955907bee0d42a15df240156bd9c2e729d2613e992023300b3d,11708,"Rust workspace implementation, tests or crate manifest"
duck-detect/src/lib.rs,3407f7e590ea912b1319aabf3d890f6b84d5e18f,ec6e32130b5800ea1cba75eb1e066a3ee0b3ce4249b8ce69ad1f5bd7849765d5,20263,"Rust workspace implementation, tests or crate manifest"
duck-detect/src/onnx.rs,bc8881ac3fefacd4ab149926e40cad535db4fa22,90202a3112fa70bace22bc40596c0582c717bb3b7c7735577d950949c202032a,3837,"Rust workspace implementation, tests or crate manifest"
duck-detect/src/rknn.rs,6260c49f0df9a048d42dca229e53467c77f8139c,c0231af64cc10f6e7751bc36c48d296d6e0aa1c39870920f107cbd5e76a3981d,19708,"Rust workspace implementation, tests or crate manifest"
duck-ipc-proto/Cargo.toml,141cc4d516dae628947addf2f498bf4571e99166,5d529590c413cb9298259a0577783842bde33e3b59612cee7e96f393d48ef5ea,1017,"Rust workspace implementation, tests or crate manifest"
duck-ipc-proto/src/lib.rs,658e842c3abef6c444bf38040653a31463f5b034,5ecd0e83fd430ac93a8b843c8b7f0a4dc9d2e14fa5061504e9924349498fe338,222547,"Rust workspace implementation, tests or crate manifest"
duckctl/Cargo.toml,4b8ff521c8daec18991202e57bed603b741efa92,a0a90f7e99a86519527fae1ea91a216beac28602ae8b8b1ec9777789772e5860,3112,"Rust workspace implementation, tests or crate manifest"
duckctl/examples/advwatch.rs,98051ee766a9856de8162f8e53bd4fb84d829bcb,fc80e34c6fd6adc8e93648499877e17bc1e3a988dd04783810ff54df54d10326,9033,"Rust workspace implementation, tests or crate manifest"
duckctl/src/main.rs,b4dd5702e87278ab53b0e7d871940fa941f88be6,4f6b616a230acd98b4f0a632e73abdbe7090f34acb4728bc4a0bd76a6b4f08d0,114534,"Rust workspace implementation, tests or crate manifest"
kinematics/Cargo.toml,caa1604cddfa1b5e520fcad34e041b6269638b93,a62537e0a9e2c12a34d469569e46d084623b27084b6a7c9289f8c2245fac7fbc,869,"Rust workspace implementation, tests or crate manifest"
kinematics/src/hand.rs,8ca490199923180f96a1eff5046b27bf10f39b6d,f891b8c3419788c05663323873c4c9ada1ba1a37cd0c9c075855c40e5bb6a569,16014,"Rust workspace implementation, tests or crate manifest"
kinematics/src/head.rs,95e1ec5e8597ec5e49065d275e0e23458299bb20,5620296511a67199e68155f7ec058e2613dbcf2abf45febd1d07dbb854553ff4,14808,"Rust workspace implementation, tests or crate manifest"
kinematics/src/lib.rs,48898f3126484e3b959c31b09753ea53a2027561,9382bb43c6f4108ba87400a62c8c391258b8e9bc46f127f014d7a07380a5465c,10280,"Rust workspace implementation, tests or crate manifest"
kinematics/src/math.rs,65172acd04b5e63112ba22f8ecd7e155f510017e,f5ef74e4abb1cbe4410be561a85abab7d8e9bd374b1157480d1b00918474c316,6144,"Rust workspace implementation, tests or crate manifest"
kinematics/src/mjcf.rs,374b538d2dc7d89ae53d2d9da509848ca7167d6b,95a2372a4e50691132c984428ed95a78ff5cc85299fc0f11c174945277e68225,7044,"Rust workspace implementation, tests or crate manifest"
kinematics/src/tof.rs,35cc94e4a5e9e12d914346c8b6681b9f363279fb,1c613f352c9db19080b9dbad2c045223956cefc6fec09c9d894218d82a5deea9,15724,"Rust workspace implementation, tests or crate manifest"
kinematics/tests/fk_against_mujoco.rs,b88cd765cf29e108314bb7aa8c0e57c7d7099421,0d5857a0e77d187316faa71e50dede6ebe448dfa94829e192598d6407ef9ada7,2880,"Rust workspace implementation, tests or crate manifest"
kinematics/tests/perf_probe.rs,90933690a2e5095411ee16a78f5a6103b2e05d47,df95426f45e23fa124c2f2cb81963ca0eb89f4e04803127c2a00f67cb0ce3891,2327,"Rust workspace implementation, tests or crate manifest"
mediad/Cargo.toml,e77b50ffcc480fc4a7cc275ecafc5ea108ce6137,c14661fd9d4f7c02574c78bf4ce19beed41c7d738f4a12cabe9c8a618eb3331e,4465,"Rust workspace implementation, tests or crate manifest"
mediad/src/config.rs,ff38b936a29f9d2ca1a665884454bf9683b123b6,1f0c4c6176f22ad8528d9cdd847367c575e1730ffdb4671781dff5ddd099dab1,4329,"Rust workspace implementation, tests or crate manifest"
mediad/src/detect.rs,4aedbb0398f5a704f397f69b1e94ad474bd234cc,823efc6970d827c7e3b81eda06777f3fc653463f6afea617f724f77464a0ef8d,16393,"Rust workspace implementation, tests or crate manifest"
mediad/src/exposure.rs,e84d3cc3f6bc1a05f995278f19894aa6b3b2670f,c4a6af424929b814b5960e4dd0b3e723f26904f3bd23bd9d34406487a99f0031,25725,"Rust workspace implementation, tests or crate manifest"
mediad/src/lib.rs,cf7ee95adfda04b98a1cd9aac9aeb8752852cf08,1bb749cf7c8439b9c26fdbf2328fa9565aab16608e4a741a2775a5d4fd40be0f,1852,"Rust workspace implementation, tests or crate manifest"
mediad/src/main.rs,6289656d2e961c1dd723f2858906266079fd6f0c,87904d2ba43b9f89cee65c9ee3ad29d1e798deab5aa2d81d86445b9f4218d12d,19277,"Rust workspace implementation, tests or crate manifest"
mediad/src/pipeline.rs,6c6c4c6a10f96444db50371e12087a6342dd8035,10273a99e03654ee681594fa5b496b4842164204bfc62526411db8e40c8985e9,68195,"Rust workspace implementation, tests or crate manifest"
mediad/src/producer.rs,3c1d7f2890a52f232b3f789cd98c0594cf6a24ba,a7bb25e53f83aaacfef0e7e48cffb647f5e82368cde0f886bba79ce4663cf26b,9206,"Rust workspace implementation, tests or crate manifest"
mediad/src/route.rs,b52f1db81de4b9de1a2fd18123d17d797f49403d,7d2a809618634b64b632adc13e7f64f60c2626a7840126eb67f44b2843cc4365,16390,"Rust workspace implementation, tests or crate manifest"
mediad/src/session.rs,2b013b42ee1ab6240abe93696a7cb7ce071565c0,b2c5e99c6f9328da237c8876557b766086fca91c211181de1d37336d65e20ad8,19290,"Rust workspace implementation, tests or crate manifest"
mediad/src/upstream.rs,b7eaf4e88ccca5a9717bbc15d6979cdf7d6bb2b8,f77ff2d533e5e8f305466a25198500a3b27efe37fc410f0fddb4da21efa71bd9,7802,"Rust workspace implementation, tests or crate manifest"
mediad/src/web.rs,8ab2be1e47576871781c1a9c18badf7d935f36fc,f64d0573aa2c9c1e9847b551936ee21a142e5e798b56447da66bed18f6c2f114,8166,"Rust workspace implementation, tests or crate manifest"
mediad/webclient/index.html,7a65c1f5c201325e8ec6443a1686ae0751516a09,e9a478c22eeb67efbf3262122adf9726fd242561ac2cd0465500ed0ff002fa2f,46511,Embedded media client source required by crate
odometry/Cargo.toml,f3cddcc9c5a53bb3e617adc4d9c9868e8f7e725e,67eca960b2b2774656ca3e06491efa994eaa7f14bb41513053222dd91a571f7f,751,"Rust workspace implementation, tests or crate manifest"
odometry/src/lib.rs,a3742b5c5ce05786dc68c5a59435673ab742b61a,6f3801a25d3235ba5cd3f32af52886e63440b54f5e44c5bcb11f12947000a98a,13095,"Rust workspace implementation, tests or crate manifest"
padd/Cargo.toml,75ce345a421fce44da54e83aec69f686db852803,e1455eea120a911288e91124ace8c2ec92c71bb6d7046693e40a592e59acd829,1824,"Rust workspace implementation, tests or crate manifest"
padd/src/main.rs,8b7a8eebd9f987dc8b82ac542d82f86f2d3dd733,cd473e0a415cbc9f35354b9af032e07386a7ec9722989396d449d1e375fb7b2f,29402,"Rust workspace implementation, tests or crate manifest"
padd/src/tap.rs,db7a9219f60e04573187223adaf399248ed241a0,704009a691de8fd5ecbd9401f4a38a72fa7078ddffc3c78ede26fea9f2aa8662,31541,"Rust workspace implementation, tests or crate manifest"
pet-detect/Cargo.toml,75b20d8fd256038d3e393f1f5811389caf118e0e,1af344691e40c4cb4525455ee5dc4cbdfb3f0bb5eb8e97429492e4b94d594c6d,926,"Rust workspace implementation, tests or crate manifest"
pet-detect/src/bin/detect.rs,fb9d914e17ffbd315a13b42a559f50e3471bedb0,dd238d7930753b40d5b8b08d91fedda93f9e3cf7fc23a036dcf4ca314f5f4351,2457,"Rust workspace implementation, tests or crate manifest"
pet-detect/src/bin/features.rs,26e3e5d27bba770d27a8cab5d91b21316834d0be,bfbaddc9f84daaf53c5dcb4bf645e9dfe5c3fd67e4ecfc5d50f3b4a5938c85f5,1656,"Rust workspace implementation, tests or crate manifest"
pet-detect/src/lib.rs,3605b1ba0e416273120465d18335c8407f0a684f,9660b1ccb956e89734bb731f9c3627144f553006b06fd61d550233593333ccb6,12141,"Rust workspace implementation, tests or crate manifest"
pet-detect/src/worker.rs,22050c825960471c4031a3a7483e35307b016865,309828aa6e4223b04394c93338c1d0ec61daae75aea7a57f6634706f67a2337b,14454,"Rust workspace implementation, tests or crate manifest"
pet-detect/training/train.py,b7948a122f2b42698bcb5312b383806d91f25fc8,7decbc6bac47011a8c2887a3168cd0409f1b69d9f8bb40644cf4c7886450fa78,5740,"Detector training implementation, no model weights"
robotctl/Cargo.toml,ceeeee3103683c240ff62245975d1fd913b9f456,00d753e306eacd60cb6ab0d9b404f6dfe4ef346b1b94505a0068aad2ea2f014b,2590,"Rust workspace implementation, tests or crate manifest"
robotctl/src/configure.rs,8745a3e262b073d32a6713084606f1ab5af39aad,8eb78bbace09cd6e3ffc81ce2492a796102adf6470cf4aaaf9fea4c0ade46e48,56659,"Rust workspace implementation, tests or crate manifest"
robotctl/src/duck.rs,cf5d36d36d740f83b8cc5a246e1e1b51429727e1,25b22ba4c996bb4d2e5cc700fc61fc7689d0b468105fcd0a471672498047eb32,37646,"Rust workspace implementation, tests or crate manifest"
robotctl/src/main.rs,7e2b3b5c87f5b409bae61a31a5685ccb38cd07f1,de027bb7236ac5758130d399380fce50ae7da0fc8c22a428264b1cf61439f45c,186007,"Rust workspace implementation, tests or crate manifest"
robotctl/src/monitor.rs,232767ca5091664fcef9f0f2bbf9adb3a970ef65,d37dc6a099d131e4daae220eab3ac039b50a9abd81d3d53131a8ef980d815961,180744,"Rust workspace implementation, tests or crate manifest"
robotctl/src/path_map.rs,e32d5e123f98c0e4846b43890c465ab628f54229,88d0dc7eac871d146a979df05f19846632f0fbb8fb01c7574f290c72c8939941,13373,"Rust workspace implementation, tests or crate manifest"
robotctl/src/show.rs,869e480d8e1d1cdd948b2f9b072ff4ed59e560d0,3504cd545251d8e17baae24cbe26701f02bcc7d0f65da384efc87c79b43e6205,30262,"Rust workspace implementation, tests or crate manifest"
robotd-params/Cargo.toml,36764598581f82d74f9e327ec50e91c40c398040,2977fa2409d4fb6b882922335e606f870b69da03c55496f2c62cda5f0e3c124b,993,"Rust workspace implementation, tests or crate manifest"
robotd-params/src/lib.rs,b9a0890f02c1ce72de12c1c97bad9959168acbc6,9bd2657cbae3598704e11250aeddb779d66862989724964187c98becd6775f89,73219,"Rust workspace implementation, tests or crate manifest"
robotd-params/src/registry.rs,6e5a0b4ecd718594a4439ecfea5e517bf0377b85,2abd6c42c75663721e5a1e9b183b1c8e6cef7bcc67b0191f211f1194172967b1,22719,"Rust workspace implementation, tests or crate manifest"
robotd/Cargo.toml,c3e64b395cd430869a2c9707c0e733c2c77bf84e,e6313a936b549c7bd9214e59f5e96236c484080c84913a8be96c9db77f1ac1d7,2592,"Rust workspace implementation, tests or crate manifest"
robotd/src/chorale.rs,3d1d229af3cf3e743e11d67da3083e5be25af64f,f4b67edd128fc3d679c76261c3fb342fbd687e65c82991ca802869ada1f40110,56062,"Rust workspace implementation, tests or crate manifest"
robotd/src/control.rs,bd258ddd6f9289c93e7593e05b419099719fe475,7bfde48128fa910d6e78e0334d4bc6a68bd57b855456576a88eb3c9ae3e18f44,21650,"Rust workspace implementation, tests or crate manifest"
robotd/src/intents.rs,a0c28936832df38fc4885591429dc5cb8abc7ec2,9df44ef2245a7674099083c95683f7afa450d6e669a5270a0719abc29f1a4231,23858,"Rust workspace implementation, tests or crate manifest"
robotd/src/main.rs,34a57ab92826e06ae14a0980eeccf9486a33e669,76065b2b5445e68bdea893f8b5ad39cd17ba4a525cfa541e9350c6073f8de536,225589,"Rust workspace implementation, tests or crate manifest"
robotd/src/params.rs,11964411757dee19f6ff3769b7039006d583324c,386305e3ce00a409f6527d2be2048a927c2b448423ed1bb9fc63f29af0ff3064,361,"Rust workspace implementation, tests or crate manifest"
robotd/src/soc.rs,0e25804b718e5b7231190b212998589aedaee24c,a0952f1e10eca4a44f655b0d90ff3f07ecdb7198e16f0be0a3e45a3916070ce9,3751,"Rust workspace implementation, tests or crate manifest"
robotd/src/sound.rs,106b151dbcaba57b0c882e0abbd13fd21917f96d,9682c35f6242d86ae0c3a2e9182d2a9a85159bbb0ab6ecff6fe31d049f404c55,41876,"Rust workspace implementation, tests or crate manifest"
robotd/src/theremin.rs,9527675cb1e890644fa023a993276200d14d5e5b,498335f69f7ba185fac85bdbc2ad692db7c89d1b729b3a86e06c0254d7f24749,20732,"Rust workspace implementation, tests or crate manifest"
robotd/tests/updater_gate.rs,e35957c880a663ab5cd61d60e3c9d519f34fa573,43b0221b0cffb6c181c5b182197d68a5971f218ac2f93d77e6d129019e54172a,20456,"Rust workspace implementation, tests or crate manifest"
sounds/Cargo.toml,29d98fab5374d1f178aff9ff8e057a0291ed6e20,7440862f12528dd8b44e285239e84b8e566a8f98ed226329dd1e29c78dc74fdc,649,"Rust workspace implementation, tests or crate manifest"
sounds/src/chorale/beat.rs,c8e2261ded379557c0a15ac49dcdea3619ef5663,9bff98288a5e0534ec3a1be6075920b9bcbef87588fb3ae144d0c7efb9147728,22845,"Rust workspace implementation, tests or crate manifest"
sounds/src/chorale/midi.rs,b6c78c7c1c1ed7488631ca2c2f6ac77d8cbe4142,b3097ae290c6185a44fc9b03a8e0e8508b18084ccbe91f99d92a5b46fd6a260a,32103,"Rust workspace implementation, tests or crate manifest"
sounds/src/chorale/mod.rs,1270c6c3441f89cfd8b22eb6036dfeb84e2ceaf2,7805f4132a175164f5a07e0b6db770dffc690a5439b0f3d07f30595efcd8b3fc,62618,"Rust workspace implementation, tests or crate manifest"
sounds/src/chorale/text.rs,4e7da3b9dd9a9dceac56e5d283082609090cec04,3442975227291eb760dc0dba56b2f250b91a63a8a0bd0570232e9993c8ab7223,20329,"Rust workspace implementation, tests or crate manifest"
sounds/src/lib.rs,e3770e75bc60b79f9f9a9858e67402bcc56f0ae7,7660b1b660cd70544645d7b05021d50a7b7e2dfad46f5fc7d5242af867de0005,7211,"Rust workspace implementation, tests or crate manifest"
sounds/src/main.rs,7f34546d17264f74f4375380584fe96e6da8d16b,c19a5c2bcfce0e1bbc53a3d3b39e012c160f83c717624e7d9a9ed1c741dc66a9,17967,"Rust workspace implementation, tests or crate manifest"
sounds/src/personality.rs,762a5c401cff1052d0583602d2928bbaed6b73cc,17f738ab3940ff084a808c61aa5e76e6e7e4f4e0c1fea9323fd0daa090a6c0cd,7161,"Rust workspace implementation, tests or crate manifest"
sounds/src/rng.rs,775d1d269e4a7534b7c2123bf5849270515f7e5d,d697f7b2e318add8547c22360f94bf8be638e0513f69b6847e7cb20c307122be,5655,"Rust workspace implementation, tests or crate manifest"
sounds/src/stream.rs,e7549a19cd94ba99b1dd1ef8e41f484f5c3e1b01,4adcccd524477659b368fde8d44adef36f9fdb7e8495bb23752ef9700513b564,39343,"Rust workspace implementation, tests or crate manifest"
sounds/src/synth.rs,e1ad24b69219f220640c7353d3cead8635a8a8eb,2cff1e97cac3ae16d6d384ecd25b709a81937654942df2fee5c572b89818b4c6,8895,"Rust workspace implementation, tests or crate manifest"
sounds/src/voices.rs,7f637f7eb72ae1fa0fb97c1d87622fe96eadd021,05374c5c557bfd76b7e7c04fadeaf45ff2a9e2d3af70233d2f9e0c99e28ced07,16501,"Rust workspace implementation, tests or crate manifest"
test-support/Cargo.toml,6c49fc6c70f97f427f23a95c31e9a135154d6506,1e92f5852f5354cacd4195c46037b17ed3bbb7ca6fd04e38727c9cbc8b509d0e,634,"Rust workspace implementation, tests or crate manifest"
test-support/examples/fake-release.rs,298fb0aa0d5852450fae73c7440ef92cdfe9a8a4,81d971a761bad67631e9ea8b4668be305d948b4a52cc921a7dd460e6f99878f5,7138,"Rust workspace implementation, tests or crate manifest"
test-support/examples/systemd-fixture.rs,a2e9c37f3c8bc84d1d38870d5087cf4762d3d4d9,39eebd8f2cfa0ac434c184a593393ce82062332a95b26cf1034a5ae1143abd2a,12744,"Rust workspace implementation, tests or crate manifest"
test-support/src/lib.rs,2f13dbd718ec8748b4bdbeba0cfafe27b3318118,5382b6e3636b968971ee03a6d307395d9ce19175a0a6bc14e1997f5db52b557f,10646,"Rust workspace implementation, tests or crate manifest"
tof/Cargo.toml,c37917245f72e330e7136f809e2f438247029227,7221c1ae7964df1d134be510242b016096e28a937794d1f20f2f2c145881f57f,989,"Rust workspace implementation, tests or crate manifest"
tof/build.rs,74740e1821abc7311c4d4dd28537eaf8355f1780,d07e5a7a001425450c65fd6668bd838f0da65846780f5f7e5612fac39dd13742,4669,"Rust workspace implementation, tests or crate manifest"
tof/src/lib.rs,89b76fbdbc23ce889f09720af96ca4f06a8cee52,6ec6bf7ebd69d5d9713a08215075a1e0e2c2e32bd6fc6424ef2a6a153488c201,7049,"Rust workspace implementation, tests or crate manifest"
tof/src/main.rs,aed5d5a8ed3e67054c2f826d7fa6d901954fce76,84c9381865abcd22f7aed488fb9b07a6a8f9e99b2206ce09c5ee78f8706f8123,22725,"Rust workspace implementation, tests or crate manifest"
tof/src/sensor.rs,55e6e3b0413be59f481544f0a1e095e51ea8cf43,809382a79afa448f27cc956fb66a56d86d0cf88101c7e8ae2c7440f27ccaaf17,14580,"Rust workspace implementation, tests or crate manifest"
tof/src/status.rs,3a41858b3dc97ca4f056bd84b657ae1b962b5dc5,7f464e6fb541cc77c07008f2e49d51f078d3997d4058c4dab75903e6b7855997,3431,"Rust workspace implementation, tests or crate manifest"
tof/vendor/LICENSE.txt,b40364c28f3652a3ef7e5e6450ad4648d711f28a,bdc7b0f98db4846279336431024c49a01d578a2ea1d19ec68797bbe33e718d2d,383,ST sensor driver source and original license
tof/vendor/platform.c,6c26582d155e62d15ffa7810cef45ed34e5ef41e,b85b7e04e3a25308430d64675598319643b272f192fb76b0724109ee0b1a442c,4208,ST sensor driver source and original license
tof/vendor/probe.c,d3c00c659f8db9473a92cbe9fc5d2592df3e9a74,7e9a8f41b2785cb3c1ad73d23b044f59ae8662e4c859c9468cad5c219592c32d,2504,ST sensor driver source and original license
tof/vendor/vl53l5cx/platform.h,2e31a52670e880d62e6ce2cd8b0e35ce5e3e2abd,d08c4877dc41186fd3dfcf38360e07fdbd56a9b176a1b0bebe7d87de6dea3083,2168,ST sensor driver source and original license
tof/vendor/vl53l5cx/shim.c,96aea337b2caade7da07ec4a53304d54c9539ef5,fe4d6e3c6031dd917aad8d439af26bbe4f3023b58ca3f50152c63a284094fc08,2770,ST sensor driver source and original license
tof/vendor/vl53l5cx/vl53l5cx_api.c,6ce026edae72c969f2ea06d301cbe884c702d287,2f7166891f405f102c7f2c0b987160c196ab6a2fcc7af98cd54979bee8e427de,37790,ST sensor driver source and original license
tof/vendor/vl53l5cx/vl53l5cx_api.h,dc8b52a0a267d7ad7fe5ef6a888e8d56f64f5792,49438c5f892d690b34229290b64990dd7aa96b1b51fe588be06eef6c46a486b3,26858,ST sensor driver source and original license
tof/vendor/vl53l5cx/vl53l5cx_buffers.h,4fe86a1004e28f5ffa229684db0ce15eef03608a,c4e2b6738dfc9bb313020ce550cfbe7a60137e8ebc73f6957700d54e08864853,552567,ST sensor driver source and original license
tof/vendor/vl53l8cx/platform.h,72e8b51403e988a6f60097c9788c27cd1559af07,2c5638b1e4dc6168d9394538f34a0fff566fd0e3afd095b16912641c9d9e2008,2168,ST sensor driver source and original license
tof/vendor/vl53l8cx/shim.c,8222de294fc3bb65b5186d2aaac2042ee6e5a633,b11c69812e851c9e9ce36e0297baf54ac4b29ab3a802d22bf71b8b3e84c52023,2770,ST sensor driver source and original license
tof/vendor/vl53l8cx/vl53l8cx_api.c,56678b448783029ab8d6ccf2e91507722daf1a6e,c036ad41c1f85d64935aab3244f920af9add290206ebcf3d2d10afa819c5469a,39102,ST sensor driver source and original license
tof/vendor/vl53l8cx/vl53l8cx_api.h,7cdd6e0d9e9d5c6e6731abf89a76ea7c6bc113bb,1515b53bc8d8aa5938a7809a32b70d2212c28cdc4b07109ed35a5d9c78eeaa12,27401,ST sensor driver source and original license
tof/vendor/vl53l8cx/vl53l8cx_buffers.h,85ae3526891fd23cf3a85fd896f3ed29f17315ae,392721459d81bd901d19809f6b03725f88826e8eff94854a36956cf8d5a9998a,549954,ST sensor driver source and original license
updater/Cargo.lock,7da1ab1b43ded408a6d52dc420ff2f2da40c206a,0a8f4c4d8a76b298c41bcfeb3b62391040ca7893a22bb9a13f204d4e0bcf6437,3408,"Rust workspace implementation, tests or crate manifest"
updater/Cargo.toml,00a2a341c4d849fb53b0ed0c22d83844859057ca,62f03b67c1b7854f4b12bedebda46bdf3e7da455b60adb8161e5bc6fb0b10033,2778,"Rust workspace implementation, tests or crate manifest"
updater/src/config.rs,77a370d6f9fff6e4767698be7dcdc32de820b002,f11cdb56f60bebc0d438ad10a9afd282f97385f4454d21af62df76a2bd44bb38,37156,"Rust workspace implementation, tests or crate manifest"
updater/src/engine.rs,365b16639ae7b00a968a9f9f1aaacdb2355caa1d,f971351816c55a557e8b64a203431de410fd6740e591d07eacd683673b74204e,171451,"Rust workspace implementation, tests or crate manifest"
updater/src/faults.rs,82736c080fe26b2c56ddddf21cf333b23c480c50,f12eb5cd3e3ad69074f5ffe7ee6069a0ef29d792c9a92f610e0f785e2747f9e0,4948,"Rust workspace implementation, tests or crate manifest"
updater/src/fsutil.rs,8b39d8f682687ec5f519e80b8b225efe123d73db,cfb64e8c2020fcee7909b09f7486a5f226f14c9dee9f17962a9981a4cb8d27f3,3125,"Rust workspace implementation, tests or crate manifest"
updater/src/hooks.rs,4b856c660709321459c769491216ce654e5bbc66,82e512e9a8f0bf2e1e48300855576975881fba8880837fc398218a3706a43372,19687,"Rust workspace implementation, tests or crate manifest"
updater/src/ipc.rs,1f04de3356a0103a598739bca824fac3a4a6bdc6,53580767df213d6cc8b11868d6b41c5a44102d238b54275cc7abe2b77b9482c7,40847,"Rust workspace implementation, tests or crate manifest"
updater/src/journal.rs,43ff92163405329d0073881ea64c814cce54603e,1fef2466d1bd46b5a8e451244fd9458562bd3f85e53204a2886be6e0783cb5ae,26883,"Rust workspace implementation, tests or crate manifest"
updater/src/lib.rs,60d1c5a4ba5a2f00e0de5dcf6ef807ed255a51c5,98d5cc29901f94d641dd960cfd15ffe7282bce90cf3972dede4f0f2cf58762ce,12775,"Rust workspace implementation, tests or crate manifest"
updater/src/main.rs,fc6a7ef836f40f7f59952bfae761176d98c45f47,dfacaf34ecae164d96e10b4eb1f36650541cf5f785bcc19a825a72dd6b801a01,36341,"Rust workspace implementation, tests or crate manifest"
updater/src/manifest.rs,e9ee5aea61544f5ce3f0d2bfafab9c6d13b89066,3d4622b31e25e30d693e9f841c1b08e21ba7e1463ccc3794e113a5e8ef7e175d,9819,"Rust workspace implementation, tests or crate manifest"
updater/src/orphan.rs,d470bdb414bc8ce293eb1f336e22753b408e6cdb,0e31a8e142e9d72e35bc91862c5c94d59b6abfe2df95ce3c39febf59b91f440a,14901,"Rust workspace implementation, tests or crate manifest"
updater/src/preflight.rs,cefb3d448e4a2c561a0c9e1f92f1b373b509a8ef,c0cce867e98c4c88109022b6728d080718f49c9cb298d0eabf233ce8342c03f7,18482,"Rust workspace implementation, tests or crate manifest"
updater/src/reconcile.rs,fd278ee132965f6e315a862a1b1e5cd29e0c6038,64ae4ac5580dde099e4c7e51a174e63d551540be795556b72776267724e9a38c,16679,"Rust workspace implementation, tests or crate manifest"
updater/src/robot.rs,835bb812aca2bb41d1a02695a0abb52912493dc5,caaaaff7b304dd800ec3230e17c3825edcbc26453855336e4c1ecce63407edee,15362,"Rust workspace implementation, tests or crate manifest"
updater/src/source/github.rs,142dfcc49ebbf2afb56ef80d75e4dfa58865ea67,91aba1d6baec248418591805de1476522f0679a6fe537ff5c88378812eed5c46,24609,"Rust workspace implementation, tests or crate manifest"
updater/src/source/hf_hub.rs,90b83233ef6ec3f90d6f1495bc217db25d1445b9,c41313e9875baf1a793022894c7de0c6a18f24743a4071c22095fb506f60e9a8,7798,"Rust workspace implementation, tests or crate manifest"
updater/src/source/http.rs,78070c3c5fbc6c483710e4f0fdcd6db73a7bd852,1a18f5bb37e73aed95e45a7ebb8eecd6aa97b286771e30e3263b81e692d44ada,14725,"Rust workspace implementation, tests or crate manifest"
updater/src/source/local.rs,95271313091625d1abdb1baaf22faff09e930a79,1c2f19cd514a925539c0b842a6a77fd6d3904a34f56f60ee837f998cd96df498,12330,"Rust workspace implementation, tests or crate manifest"
updater/src/source/mod.rs,a05fe08ee8caaddc56f1c9db7427a4ef7f7951a5,61c554a958aaa197a3ef5c4deb69c7e21429c71b5b0fce1b8839fd8306a44cfa,4756,"Rust workspace implementation, tests or crate manifest"
updater/src/spawn.rs,4541ae743541f7d5885be6f26f9ea17cba450d77,23c074e4e8ae4834a1aadfa773aecefa0d9cdca34b69301ad86c6650b645bd45,6252,"Rust workspace implementation, tests or crate manifest"
updater/src/store.rs,ed6bfbae8e5f3cf14e46d7e6543e293d0f4e5a57,fa4f80e79b619da18a7526cfff6e6b5c9c11b9f95deff5339d73364ba7e4791e,17545,"Rust workspace implementation, tests or crate manifest"
updater/src/transcript.rs,c2dd3981f46f4188faf5cc61010f0174e88921c5,79f1f4dcb575a21189a2119c2428b6bbbf07c45f40fb0145692cb28601c0fa08,18931,"Rust workspace implementation, tests or crate manifest"
updater/src/verify.rs,f0580b91f2e70df5617aa0bc663043d64c0e9fef,3ca3296edd8f49aa16a7035b8f0cc0e80f0d2644d059b8cbb7c22e357145071e,22149,"Rust workspace implementation, tests or crate manifest"
updater/tests/apply.rs,923947c057de5030682f28aedf675fbbdcf68f4a,aea550ac7aeb40bb3e7087127f859692de353079aede80679043cea5f9db0002,94417,"Rust workspace implementation, tests or crate manifest"
updater/tests/download.rs,49f3b10d5b966239cbaf7387b5482e64c9c2e540,fc154908f3318503a481b1728c32b0fde070bff069a96337c2b6fd85419e6e96,10396,"Rust workspace implementation, tests or crate manifest"
updater/tests/install.rs,efa26bce3a71bc784d572787bcf97a833d6b3b34,cb31f20786ad766fa816b5546f628194b42673068ba889288cc4c1fb56296153,15780,"Rust workspace implementation, tests or crate manifest"
updater/tests/ipc.rs,319e41089179af0b838cc5e34c2bf038a917cb97,5b841250a7844d833fcabeb299e44ed8614edeaef274da7b8178608a1c737163,41153,"Rust workspace implementation, tests or crate manifest"
vendor/bisync/.cargo_vcs_info.json,85cf21c9132b1f16e3687656948db4202cb23b12,384f7f6f16b8f93596c65c3f776b63328deeb87d2dc434b939b26625f18438dd,100,"Vendored Rust dependency, declared MIT OR Apache-2.0"
vendor/bisync/Cargo.lock,afd1f8e971b3e662ea2825aed53708c0906836e5,27c481896bbf141e8df84940d7a1f234c889e3d2cec4e7f254cad17a11c91895,384,"Vendored Rust dependency, declared MIT OR Apache-2.0"
vendor/bisync/Cargo.toml,a30f51632638c683192ab330b54788fa763c9186,bbd01f3d8f45a6756495c43ad2471c4b3c41f9b8a60788848fa3bc5b7904a65e,865,"Vendored Rust dependency, declared MIT OR Apache-2.0"
vendor/bisync/Cargo.toml.orig,1fb8008a3a1c506d323e9f6646ce718f98e1747a,33f271962a814098c244a4ee4d4d976bada2cc16a51c4e9c6c6b57555259f561,318,"Vendored Rust dependency, declared MIT OR Apache-2.0"
vendor/bisync/README.md,5fb59647154e105ac58f931240047d342efe3bc7,0013f1ec334151c370fbcde3d8ef339972e61d8e53e735e9d02bc15df205b4e1,2222,"Vendored Rust dependency, declared MIT OR Apache-2.0"
vendor/bisync/src/lib.rs,960b277263102fc28b664efe7e4ab805bdcd109c,56d03c1766a720f28f36587d0a766c40f2517ace2db5966e541810022c883136,3540,"Vendored Rust dependency, declared MIT OR Apache-2.0"
xtask/Cargo.toml,bc165d1ce21705595c3362e2c5190af1e1d35946,76a4f5de0a761eb6ca496f9e3e360091931d4e46b719f06e1c965a2bd4a6b58c,903,"Rust workspace implementation, tests or crate manifest"
xtask/src/main.rs,f5006a48d5f0ff5fa1f56a922433e4cdb55bff0c,b331aee047af83c6adf621dc8fbe1eda7a8ad4850a91124d6983088ae2f1bd89,71536,"Rust workspace implementation, tests or crate manifest"
xtask/tests/artifact.rs,3710bb50412e47da10e0032c6a26d0095a440e70,c719a81b44e01192246be9fcb109885cb8f57545b0a2239b083a155aa2a67fb1,19418,"Rust workspace implementation, tests or crate manifest"
xtask/tests/rescue.rs,ca187760164a8a5933541915c4e1feb477a86cd9,863f620f5afa9938eccbbb78f2ec7a1534c6e18981e23885f984e3b559fd99a1,22151,"Rust workspace implementation, tests or crate manifest"
xtask/tests/sideload.rs,2094686762b4693a08590aa99ac9b7296364492c,ebc31c945615cb2d40b86ee10d2d894aa9b44f404acc403b96cb0c44238f5c76,4872,"Rust workspace implementation, tests or crate manifest"
