path,sha256
.cargo/config.toml,1640af64aa50e1365f7660f35ba3872cb5c0a1f1bc3ead2f1d146c29b1392b44
.gitignore,117e85e5bc43c86c6700f92daa626856903a2d76cac03f7a6c5e609103632a9e
Cargo.lock,efe31a75ec8515eb4c0d96dadccf4b5cca57de3116388cde418d1e7102eb75d2
Cargo.toml,9411f03bb0184552d13f86a8404e33712ceb574cee7e679806028dc04f837e95
LICENSE,c71d239df91726fc519c6eb72d318ec65820627232b2f796219e87dcf35d0ab4
btd/Cargo.toml,660b1fe5593f9f9e4ff111b092561095bcb293c9354bcb665c17cdfac2a413a6
btd/src/adv.rs,c349d33e49adae7110f970ce91096a787e89f5b09a4b984dbebbff5c35f088e0
btd/src/bluez.rs,30feca59fdb94cfb10ab97f7092baf8262cbfd79493b54bfdc3f768c0a37ca47
btd/src/chorale.rs,9e2bffc1d893eda240f20e344d996e8a8a3b8c90c872b3c3862791deba5ee52f
btd/src/framing.rs,d3d65704f7050cee3217f74511abb7c9bd4c11db5bd3c53e0f0f0ae35161c22e
btd/src/gatt.rs,ec262a9b5675eac4c2cdebc50f71f07c7974009fe3f25dd7716c06ceb697fef4
btd/src/lib.rs,6282d76733dba1f0149c6d8f2008b7d897af0b983dc9955d1463e93cbd4c2c72
btd/src/link.rs,2960ba5add76c5543f823bdb9101730e463266abb73c3738c8deaa57f828198d
btd/src/main.rs,181535f650331b7a21c77f21d333a8f4af713e58d7abff05cd52bfaa1aab9e16
btd/src/pairing.rs,6e47d08a9dca998570a5f001a415eb53ab87151ef48497b54476780dfda6bbaf
btd/src/route.rs,4767f538cbc9ed084664a5817dce5c5d926a44ee0d9e2a86aa0052f6e8be9203
btd/src/session.rs,d190743f1ebd76f2a745617a40a0ea8f17dfb14c7a3ff394addd237823a9aea3
btd/src/upstream.rs,52eb3d17e405d2dec6bf15b392a945673994439b2a07267217939afa20e329c8
configd/Cargo.toml,7b24d57f7c088db7561be250fe59eabd7e157faf47aacc0ba22dc260eeb25642
configd/src/bluez.rs,6ef19dce713c959bb872ed04be6c1bd1114b71ad8de72f99f1845db5e146baf0
configd/src/identity.rs,7357e76df9ef3202c9dc985a86bac0a059fd3828172938c85c21d14bd03c4b0c
configd/src/lib.rs,42cf665852c3e173e508c05e30f9dffbd940938703467438e7eb7d1393de9bbf
configd/src/main.rs,1e27aac90ba110b0ea7d6ac30e299f7b121ada67821024873868874c35fa624f
configd/src/net.rs,405e4206952155cc3a154d918e6205f89b1dd6e717c0898080ddd23eda42f709
configd/src/nm.rs,42639f6762ca6ae7c39b7d95104dfe0a4d4b6c68b59ec8b7166cbcb7817cc69d
configd/src/pad.rs,97987eb82c8af8d718579447d9d83b6dcf1109754b33c5b85ee1123069988890
configd/src/power.rs,eec7fd812765c248e261c62fe1a4621cd0ba77f33f5406b02c0140c6141762ab
configd/src/store.rs,a138b5cce1ef41dfa64c844fe972011abc6a6ae66bdce4c7e21e4eb6480fc4d4
configd/src/units.rs,9aa63845b32dadd430689f3b38df01f44ca380ad042a6ba0e7c2d70090c3b18a
duck-control/Cargo.toml,c21f23f86f9978c29a6004902058e72664a740194dadefee5609542bc8b86fbd
duck-control/examples/hls_control.rs,2cec2c5388294175c604f64fab8b2e7dc8fab7dd3319b88a76b017342f226f81
duck-control/examples/hls_read.rs,ff1ed80962ea9f21707710ddff65fdf6ea02566cde1e5e42b2624c1b3fdc21f6
duck-control/examples/imu_probe.rs,f7d2032c800194614b8a17496ff768d0ea8182f5931122499cfdf91677a1da1d
duck-control/src/bus.rs,1ede73f0f239897945fdb39a6145dcdde5dc75cb614b10b3c4a832c478b8e9e1
duck-control/src/fall.rs,6560a08585884214ccd3c54e2dd54bffcf378abbf8b4da29f26da7924da51dca
duck-control/src/ftbus.rs,50e2cb5db650cc408c6078ddaf5a7593d1f85142e2de07b1853327f66cecc579
duck-control/src/hardware.rs,760074be7819e5ef2eaa3c1e0895331b5c2b34b6fb0f00e1a58fcba2a4c29c78
duck-control/src/imu.rs,4fffb72b63c41eb7e5867bb806073558a5c619b59c1f6b43e61e48a16eb9d9d6
duck-control/src/imui2c.rs,d6acbdaabb6b5916d8c5241004dc878adde11f5a6d1a71e945fbe638d64475f6
duck-control/src/io.rs,cce75f3f2664b8333f9a6283a861c553e73db0a82321e762196ad2de01e5e98d
duck-control/src/lib.rs,dc8aafed77871e176133ecdf552b32808635edfa3b300e2ba323049c68800dbd
duck-control/src/model.rs,d26535d7d51080d37ad5b94bf0e359963116e851585a79509d2b4b987e331880
duck-control/src/obs.rs,e62270d8a10a61ed27df8c76aa99afee9d8d0aad6ebd78d43004402fea6ae0e1
duck-control/src/policy.rs,3662ef53c10eee066fa2a44c5ecf86a38d7ac73697a22aa585d44596972ba682
duck-control/src/safety.rs,4560b48e3a33aa574e297a746963031bbd2da3eb7c9cef6670585539bf3529a7
duck-detect/Cargo.toml,585658f207793f7b8e99bab58537e4f89ff8a60ebb2486c7343c57c2386463de
duck-detect/src/bin/duck-bench.rs,7463f62c66cfa955907bee0d42a15df240156bd9c2e729d2613e992023300b3d
duck-detect/src/lib.rs,ec6e32130b5800ea1cba75eb1e066a3ee0b3ce4249b8ce69ad1f5bd7849765d5
duck-detect/src/onnx.rs,90202a3112fa70bace22bc40596c0582c717bb3b7c7735577d950949c202032a
duck-detect/src/rknn.rs,c0231af64cc10f6e7751bc36c48d296d6e0aa1c39870920f107cbd5e76a3981d
duck-ipc-proto/Cargo.toml,5d529590c413cb9298259a0577783842bde33e3b59612cee7e96f393d48ef5ea
duck-ipc-proto/src/lib.rs,5ecd0e83fd430ac93a8b843c8b7f0a4dc9d2e14fa5061504e9924349498fe338
duckctl/Cargo.toml,a0a90f7e99a86519527fae1ea91a216beac28602ae8b8b1ec9777789772e5860
duckctl/examples/advwatch.rs,fc80e34c6fd6adc8e93648499877e17bc1e3a988dd04783810ff54df54d10326
duckctl/src/main.rs,4f6b616a230acd98b4f0a632e73abdbe7090f34acb4728bc4a0bd76a6b4f08d0
kinematics/Cargo.toml,a62537e0a9e2c12a34d469569e46d084623b27084b6a7c9289f8c2245fac7fbc
kinematics/src/hand.rs,f891b8c3419788c05663323873c4c9ada1ba1a37cd0c9c075855c40e5bb6a569
kinematics/src/head.rs,5620296511a67199e68155f7ec058e2613dbcf2abf45febd1d07dbb854553ff4
kinematics/src/lib.rs,9382bb43c6f4108ba87400a62c8c391258b8e9bc46f127f014d7a07380a5465c
kinematics/src/math.rs,f5ef74e4abb1cbe4410be561a85abab7d8e9bd374b1157480d1b00918474c316
kinematics/src/mjcf.rs,95a2372a4e50691132c984428ed95a78ff5cc85299fc0f11c174945277e68225
kinematics/src/tof.rs,1c613f352c9db19080b9dbad2c045223956cefc6fec09c9d894218d82a5deea9
kinematics/tests/fk_against_mujoco.rs,0d5857a0e77d187316faa71e50dede6ebe448dfa94829e192598d6407ef9ada7
kinematics/tests/perf_probe.rs,df95426f45e23fa124c2f2cb81963ca0eb89f4e04803127c2a00f67cb0ce3891
mediad/Cargo.toml,c14661fd9d4f7c02574c78bf4ce19beed41c7d738f4a12cabe9c8a618eb3331e
mediad/src/config.rs,1f0c4c6176f22ad8528d9cdd847367c575e1730ffdb4671781dff5ddd099dab1
mediad/src/detect.rs,823efc6970d827c7e3b81eda06777f3fc653463f6afea617f724f77464a0ef8d
mediad/src/exposure.rs,c4a6af424929b814b5960e4dd0b3e723f26904f3bd23bd9d34406487a99f0031
mediad/src/lib.rs,1bb749cf7c8439b9c26fdbf2328fa9565aab16608e4a741a2775a5d4fd40be0f
mediad/src/main.rs,87904d2ba43b9f89cee65c9ee3ad29d1e798deab5aa2d81d86445b9f4218d12d
mediad/src/pipeline.rs,10273a99e03654ee681594fa5b496b4842164204bfc62526411db8e40c8985e9
mediad/src/producer.rs,a7bb25e53f83aaacfef0e7e48cffb647f5e82368cde0f886bba79ce4663cf26b
mediad/src/route.rs,7d2a809618634b64b632adc13e7f64f60c2626a7840126eb67f44b2843cc4365
mediad/src/session.rs,b2c5e99c6f9328da237c8876557b766086fca91c211181de1d37336d65e20ad8
mediad/src/upstream.rs,f77ff2d533e5e8f305466a25198500a3b27efe37fc410f0fddb4da21efa71bd9
mediad/src/web.rs,f64d0573aa2c9c1e9847b551936ee21a142e5e798b56447da66bed18f6c2f114
mediad/webclient/index.html,e9a478c22eeb67efbf3262122adf9726fd242561ac2cd0465500ed0ff002fa2f
odometry/Cargo.toml,67eca960b2b2774656ca3e06491efa994eaa7f14bb41513053222dd91a571f7f
odometry/src/lib.rs,6f3801a25d3235ba5cd3f32af52886e63440b54f5e44c5bcb11f12947000a98a
padd/Cargo.toml,e1455eea120a911288e91124ace8c2ec92c71bb6d7046693e40a592e59acd829
padd/src/main.rs,cd473e0a415cbc9f35354b9af032e07386a7ec9722989396d449d1e375fb7b2f
padd/src/tap.rs,704009a691de8fd5ecbd9401f4a38a72fa7078ddffc3c78ede26fea9f2aa8662
pet-detect/Cargo.toml,1af344691e40c4cb4525455ee5dc4cbdfb3f0bb5eb8e97429492e4b94d594c6d
pet-detect/src/bin/detect.rs,dd238d7930753b40d5b8b08d91fedda93f9e3cf7fc23a036dcf4ca314f5f4351
pet-detect/src/bin/features.rs,bfbaddc9f84daaf53c5dcb4bf645e9dfe5c3fd67e4ecfc5d50f3b4a5938c85f5
pet-detect/src/lib.rs,9660b1ccb956e89734bb731f9c3627144f553006b06fd61d550233593333ccb6
pet-detect/src/worker.rs,309828aa6e4223b04394c93338c1d0ec61daae75aea7a57f6634706f67a2337b
pet-detect/training/train.py,7decbc6bac47011a8c2887a3168cd0409f1b69d9f8bb40644cf4c7886450fa78
robotctl/Cargo.toml,00d753e306eacd60cb6ab0d9b404f6dfe4ef346b1b94505a0068aad2ea2f014b
robotctl/src/configure.rs,8eb78bbace09cd6e3ffc81ce2492a796102adf6470cf4aaaf9fea4c0ade46e48
robotctl/src/duck.rs,25b22ba4c996bb4d2e5cc700fc61fc7689d0b468105fcd0a471672498047eb32
robotctl/src/main.rs,de027bb7236ac5758130d399380fce50ae7da0fc8c22a428264b1cf61439f45c
robotctl/src/monitor.rs,d37dc6a099d131e4daae220eab3ac039b50a9abd81d3d53131a8ef980d815961
robotctl/src/path_map.rs,88d0dc7eac871d146a979df05f19846632f0fbb8fb01c7574f290c72c8939941
robotctl/src/show.rs,3504cd545251d8e17baae24cbe26701f02bcc7d0f65da384efc87c79b43e6205
robotd-params/Cargo.toml,2977fa2409d4fb6b882922335e606f870b69da03c55496f2c62cda5f0e3c124b
robotd-params/src/lib.rs,9bd2657cbae3598704e11250aeddb779d66862989724964187c98becd6775f89
robotd-params/src/registry.rs,2abd6c42c75663721e5a1e9b183b1c8e6cef7bcc67b0191f211f1194172967b1
robotd/Cargo.toml,e6313a936b549c7bd9214e59f5e96236c484080c84913a8be96c9db77f1ac1d7
robotd/src/chorale.rs,f4b67edd128fc3d679c76261c3fb342fbd687e65c82991ca802869ada1f40110
robotd/src/control.rs,7bfde48128fa910d6e78e0334d4bc6a68bd57b855456576a88eb3c9ae3e18f44
robotd/src/intents.rs,9df44ef2245a7674099083c95683f7afa450d6e669a5270a0719abc29f1a4231
robotd/src/main.rs,76065b2b5445e68bdea893f8b5ad39cd17ba4a525cfa541e9350c6073f8de536
robotd/src/params.rs,386305e3ce00a409f6527d2be2048a927c2b448423ed1bb9fc63f29af0ff3064
robotd/src/soc.rs,a0952f1e10eca4a44f655b0d90ff3f07ecdb7198e16f0be0a3e45a3916070ce9
robotd/src/sound.rs,9682c35f6242d86ae0c3a2e9182d2a9a85159bbb0ab6ecff6fe31d049f404c55
robotd/src/theremin.rs,498335f69f7ba185fac85bdbc2ad692db7c89d1b729b3a86e06c0254d7f24749
robotd/tests/updater_gate.rs,43b0221b0cffb6c181c5b182197d68a5971f218ac2f93d77e6d129019e54172a
sounds/Cargo.toml,7440862f12528dd8b44e285239e84b8e566a8f98ed226329dd1e29c78dc74fdc
sounds/src/chorale/beat.rs,9bff98288a5e0534ec3a1be6075920b9bcbef87588fb3ae144d0c7efb9147728
sounds/src/chorale/midi.rs,b3097ae290c6185a44fc9b03a8e0e8508b18084ccbe91f99d92a5b46fd6a260a
sounds/src/chorale/mod.rs,7805f4132a175164f5a07e0b6db770dffc690a5439b0f3d07f30595efcd8b3fc
sounds/src/chorale/text.rs,3442975227291eb760dc0dba56b2f250b91a63a8a0bd0570232e9993c8ab7223
sounds/src/lib.rs,7660b1b660cd70544645d7b05021d50a7b7e2dfad46f5fc7d5242af867de0005
sounds/src/main.rs,c19a5c2bcfce0e1bbc53a3d3b39e012c160f83c717624e7d9a9ed1c741dc66a9
sounds/src/personality.rs,17f738ab3940ff084a808c61aa5e76e6e7e4f4e0c1fea9323fd0daa090a6c0cd
sounds/src/rng.rs,d697f7b2e318add8547c22360f94bf8be638e0513f69b6847e7cb20c307122be
sounds/src/stream.rs,4adcccd524477659b368fde8d44adef36f9fdb7e8495bb23752ef9700513b564
sounds/src/synth.rs,2cff1e97cac3ae16d6d384ecd25b709a81937654942df2fee5c572b89818b4c6
sounds/src/voices.rs,05374c5c557bfd76b7e7c04fadeaf45ff2a9e2d3af70233d2f9e0c99e28ced07
test-support/Cargo.toml,1e92f5852f5354cacd4195c46037b17ed3bbb7ca6fd04e38727c9cbc8b509d0e
test-support/examples/fake-release.rs,81d971a761bad67631e9ea8b4668be305d948b4a52cc921a7dd460e6f99878f5
test-support/examples/systemd-fixture.rs,39eebd8f2cfa0ac434c184a593393ce82062332a95b26cf1034a5ae1143abd2a
test-support/src/lib.rs,5382b6e3636b968971ee03a6d307395d9ce19175a0a6bc14e1997f5db52b557f
tof/Cargo.toml,7221c1ae7964df1d134be510242b016096e28a937794d1f20f2f2c145881f57f
tof/build.rs,d07e5a7a001425450c65fd6668bd838f0da65846780f5f7e5612fac39dd13742
tof/src/lib.rs,6ec6bf7ebd69d5d9713a08215075a1e0e2c2e32bd6fc6424ef2a6a153488c201
tof/src/main.rs,84c9381865abcd22f7aed488fb9b07a6a8f9e99b2206ce09c5ee78f8706f8123
tof/src/sensor.rs,809382a79afa448f27cc956fb66a56d86d0cf88101c7e8ae2c7440f27ccaaf17
tof/src/status.rs,7f464e6fb541cc77c07008f2e49d51f078d3997d4058c4dab75903e6b7855997
tof/vendor/LICENSE.txt,bdc7b0f98db4846279336431024c49a01d578a2ea1d19ec68797bbe33e718d2d
tof/vendor/platform.c,b85b7e04e3a25308430d64675598319643b272f192fb76b0724109ee0b1a442c
tof/vendor/probe.c,7e9a8f41b2785cb3c1ad73d23b044f59ae8662e4c859c9468cad5c219592c32d
tof/vendor/vl53l5cx/platform.h,d08c4877dc41186fd3dfcf38360e07fdbd56a9b176a1b0bebe7d87de6dea3083
tof/vendor/vl53l5cx/shim.c,fe4d6e3c6031dd917aad8d439af26bbe4f3023b58ca3f50152c63a284094fc08
tof/vendor/vl53l5cx/vl53l5cx_api.c,2f7166891f405f102c7f2c0b987160c196ab6a2fcc7af98cd54979bee8e427de
tof/vendor/vl53l5cx/vl53l5cx_api.h,49438c5f892d690b34229290b64990dd7aa96b1b51fe588be06eef6c46a486b3
tof/vendor/vl53l5cx/vl53l5cx_buffers.h,c4e2b6738dfc9bb313020ce550cfbe7a60137e8ebc73f6957700d54e08864853
tof/vendor/vl53l8cx/platform.h,2c5638b1e4dc6168d9394538f34a0fff566fd0e3afd095b16912641c9d9e2008
tof/vendor/vl53l8cx/shim.c,b11c69812e851c9e9ce36e0297baf54ac4b29ab3a802d22bf71b8b3e84c52023
tof/vendor/vl53l8cx/vl53l8cx_api.c,c036ad41c1f85d64935aab3244f920af9add290206ebcf3d2d10afa819c5469a
tof/vendor/vl53l8cx/vl53l8cx_api.h,1515b53bc8d8aa5938a7809a32b70d2212c28cdc4b07109ed35a5d9c78eeaa12
tof/vendor/vl53l8cx/vl53l8cx_buffers.h,392721459d81bd901d19809f6b03725f88826e8eff94854a36956cf8d5a9998a
updater/Cargo.lock,0a8f4c4d8a76b298c41bcfeb3b62391040ca7893a22bb9a13f204d4e0bcf6437
updater/Cargo.toml,62f03b67c1b7854f4b12bedebda46bdf3e7da455b60adb8161e5bc6fb0b10033
updater/src/config.rs,f11cdb56f60bebc0d438ad10a9afd282f97385f4454d21af62df76a2bd44bb38
updater/src/engine.rs,f971351816c55a557e8b64a203431de410fd6740e591d07eacd683673b74204e
updater/src/faults.rs,f12eb5cd3e3ad69074f5ffe7ee6069a0ef29d792c9a92f610e0f785e2747f9e0
updater/src/fsutil.rs,cfb64e8c2020fcee7909b09f7486a5f226f14c9dee9f17962a9981a4cb8d27f3
updater/src/hooks.rs,82e512e9a8f0bf2e1e48300855576975881fba8880837fc398218a3706a43372
updater/src/ipc.rs,53580767df213d6cc8b11868d6b41c5a44102d238b54275cc7abe2b77b9482c7
updater/src/journal.rs,1fef2466d1bd46b5a8e451244fd9458562bd3f85e53204a2886be6e0783cb5ae
updater/src/lib.rs,98d5cc29901f94d641dd960cfd15ffe7282bce90cf3972dede4f0f2cf58762ce
updater/src/main.rs,dfacaf34ecae164d96e10b4eb1f36650541cf5f785bcc19a825a72dd6b801a01
updater/src/manifest.rs,3d4622b31e25e30d693e9f841c1b08e21ba7e1463ccc3794e113a5e8ef7e175d
updater/src/orphan.rs,0e31a8e142e9d72e35bc91862c5c94d59b6abfe2df95ce3c39febf59b91f440a
updater/src/preflight.rs,c0cce867e98c4c88109022b6728d080718f49c9cb298d0eabf233ce8342c03f7
updater/src/reconcile.rs,64ae4ac5580dde099e4c7e51a174e63d551540be795556b72776267724e9a38c
updater/src/robot.rs,caaaaff7b304dd800ec3230e17c3825edcbc26453855336e4c1ecce63407edee
updater/src/source/github.rs,91aba1d6baec248418591805de1476522f0679a6fe537ff5c88378812eed5c46
updater/src/source/hf_hub.rs,c41313e9875baf1a793022894c7de0c6a18f24743a4071c22095fb506f60e9a8
updater/src/source/http.rs,1a18f5bb37e73aed95e45a7ebb8eecd6aa97b286771e30e3263b81e692d44ada
updater/src/source/local.rs,1c2f19cd514a925539c0b842a6a77fd6d3904a34f56f60ee837f998cd96df498
updater/src/source/mod.rs,61c554a958aaa197a3ef5c4deb69c7e21429c71b5b0fce1b8839fd8306a44cfa
updater/src/spawn.rs,23c074e4e8ae4834a1aadfa773aecefa0d9cdca34b69301ad86c6650b645bd45
updater/src/store.rs,fa4f80e79b619da18a7526cfff6e6b5c9c11b9f95deff5339d73364ba7e4791e
updater/src/transcript.rs,79f1f4dcb575a21189a2119c2428b6bbbf07c45f40fb0145692cb28601c0fa08
updater/src/verify.rs,3ca3296edd8f49aa16a7035b8f0cc0e80f0d2644d059b8cbb7c22e357145071e
updater/tests/apply.rs,aea550ac7aeb40bb3e7087127f859692de353079aede80679043cea5f9db0002
updater/tests/download.rs,fc154908f3318503a481b1728c32b0fde070bff069a96337c2b6fd85419e6e96
updater/tests/install.rs,cb31f20786ad766fa816b5546f628194b42673068ba889288cc4c1fb56296153
updater/tests/ipc.rs,5b841250a7844d833fcabeb299e44ed8614edeaef274da7b8178608a1c737163
vendor/bisync/.cargo_vcs_info.json,384f7f6f16b8f93596c65c3f776b63328deeb87d2dc434b939b26625f18438dd
vendor/bisync/Cargo.lock,27c481896bbf141e8df84940d7a1f234c889e3d2cec4e7f254cad17a11c91895
vendor/bisync/Cargo.toml,bbd01f3d8f45a6756495c43ad2471c4b3c41f9b8a60788848fa3bc5b7904a65e
vendor/bisync/Cargo.toml.orig,33f271962a814098c244a4ee4d4d976bada2cc16a51c4e9c6c6b57555259f561
vendor/bisync/README.md,0013f1ec334151c370fbcde3d8ef339972e61d8e53e735e9d02bc15df205b4e1
vendor/bisync/src/lib.rs,56d03c1766a720f28f36587d0a766c40f2517ace2db5966e541810022c883136
xtask/Cargo.toml,76a4f5de0a761eb6ca496f9e3e360091931d4e46b719f06e1c965a2bd4a6b58c
xtask/src/main.rs,b331aee047af83c6adf621dc8fbe1eda7a8ad4850a91124d6983088ae2f1bd89
xtask/tests/artifact.rs,c719a81b44e01192246be9fcb109885cb8f57545b0a2239b083a155aa2a67fb1
xtask/tests/rescue.rs,863f620f5afa9938eccbbb78f2ec7a1534c6e18981e23885f984e3b559fd99a1
xtask/tests/sideload.rs,ebc31c945615cb2d40b86ee10d2d894aa9b44f404acc403b96cb0c44238f5c76
